Elegant Ensembles,+74544859338,Honduras,63128₽,county
Brow Boosters,+8887723099,Poland,58356₽,nature
Trendy Threads,+41396652132,United States of America,66731₽,analyst
Classy Collections,+80518511904,Seychelles,83710₽,departure
Skin Studio,+52265877385,Cameroon,16527₽,injury
Modern Maven,+76557507952,Nigeria,14610₽,mode
Dapper Designs,+6558620161,Bangladesh,66238₽,injury
Urban Upmarket,+29206434048,Brazil,70471₽,drama
Glow Getter,+45618728734,Bulgaria,13015₽,library
Dapper Designs,+61867724668,Mozambique,48277₽,concept
Haute Hues,+6664039862,Qatar,94742₽,midnight
Dapper Designs,+3113475795,Germany,40207₽,mixture
Elegant Ensembles,+34380978269,Turkey,75996₽,contribution
Refined Rags,+91319232459,Liechtenstein,85348₽,agreement
Sophisticated Sewing,+30641004963,Egypt,87313₽,fishing
Makeup Maven,+97411524250,Australia,20239₽,assumption
Smart Styles,+31499588353,Cameroon,18259₽,payment
Haute Hues,+86810422050,El Salvador,28342₽,hat
Modern Maven,+20853526238,Cambodia,41316₽,passenger
Brow Boosters,+4124802934,Australia,33345₽,development
Fine Fabrics,+89785888405,"Congo, Democratic Republic of the",31963₽,computer
Trendsetting Tailors,+90908494956,Netherlands,26439₽,perception
Wellness World,+0442688886,Afghanistan,26772₽,cell
Glamour Galore,+55380388008,Cambodia,67676₽,ladder
Urban Upmarket,+23607214038,Mali,75125₽,entry
Classy Collections,+85691740793,Togo,27673₽,nature
Clipper Cuts,+1923101741,Jordan,72903₽,stranger
Beauty Bar,+20434895225,Serbia,22359₽,stranger
Fashion Fusion,+81340236074,Oman,81942₽,advice
Elegant Ensembles,+19786114647,Tuvalu,81921₽,departure
Chic Couture,+56528429181,Costa Rica,18097₽,thanks
Chic Boutique,+32459184782,Nigeria,89360₽,midnight
Trendsetting Tailors,+32289563401,East Timor (Timor-Leste),21507₽,topic
Urban Upmarket,+16833305937,Saudi Arabia,87671₽,definition
Elegant Ensembles,+16596990307,Togo,18562₽,truth
Clipper Cuts,+6075081357,Vatican City (Holy See),19280₽,analyst
Clipper Cuts,+64832263357,India,89524₽,preparation
Urban Upmarket,+58121409702,South Sudan,48081₽,organization
Classy Collections,+14141635346,Central African Republic,36708₽,contract
Chic Couture,+9096071474,Mauritania,39078₽,thanks
Fashion Forward,+51825426256,Guinea,10346₽,context
Body Bliss,+21653592364,Fiji,26485₽,explanation
Nail Nook,+8429924482,Finland,57833₽,map
Lash Lounge,+69132415394,The Gambia,57766₽,wood
Posh Patterns,+82656073987,Cape Verde,31298₽,thanks
Glamour Galore,+86872580861,Liberia,59024₽,selection
Fashion Forward,+66556352196,Serbia,22122₽,stranger
Wellness World,+44226729963,Swaziland,63268₽,cigarette
Classy Collections,+36903405510,Guinea,82340₽,republic
Stylish Silhouettes,+8282287794,Kosovo,71136₽,truth
Urban Upmarket,+32635379634,Burkina Faso,42836₽,drawer
Glamour Galore,+78881352028,Eritrea,71578₽,emphasis
Trendy Threads,+83559812368,Canada,94861₽,affair
Urban Upmarket,+8622117662,Sri Lanka,34562₽,revenue
Classy Collections,+99584103402,Ethiopia,91637₽,newspaper
Fine Fabrics,+58137654475,"Micronesia, Federated States of",28538₽,revenue
Urban Upmarket,+16272765198,Grenada,71009₽,revenue
Classy Collections,+57888622810,Lithuania,32368₽,midnight
Smart Styles,+039867430,Marshall Islands,56043₽,contract
Glamour Galore,+25380504540,Tanzania,83354₽,buyer
Dapper Designs,+59501754970,Azerbaijan,69300₽,library
Wellness World,+45384504113,The Gambia,81891₽,height
Brow Boosters,+26491737410,Myanmar (Burma),69780₽,community
Nail Nook,+10188642163,Czech Republic,99954₽,pizza
Posh Patterns,+39137697978,Nauru,42576₽,ladder
